{
    "beaches": [{
        "name": "Manly Beach",
        "lat": -33.80010128657071,
        "lng": 151.28747820854187,
        "columns": [
            ["data1", 30, 20, 50, 40, 60, 50],
            ["data2", 200, 130, 90, 240, 130, 220],
            ["data3", 300, 200, 160, 400, 150, 250]
        ]
    }, {
        "name": "Bondi Beach",
        "lat": -33.890542,
        "lng": 151.274856,
        "columns": [
            ["data1", 10, 20, 30, 40, 50, 60],
            ["data2", 300, 200, 100, 50, 20, 10],
            ["data3", 200, 110, 160, 400, 250, 250]
        ]
    }, {
        "name": "Coogee Beach",
        "lat": -33.923036,
        "lng": 151.259052,
        "columns": [
            ["data1", 30, 20, 50, 40, 60, 50],
            ["data2", 100, 190, 90, 240, 130, 220],
            ["data3", 400, 100, 180, 300, 250, 150]
        ]
    }, {
        "name": "Maroubra Beach",
        "lat": -33.950198,
        "lng": 151.259302,
        "columns": [
            ["data1", 20, 20, 70, 40, 60, 50],
            ["data2", 210, 130, 90, 240, 130, 220],
            ["data3", 200, 200, 100, 20, 250, 50]
        ]
    }, {
        "name": "Cronulla Beach",
        "lat": -34.055555,
        "lng": 151.1551,
        "columns": [
            ["data1", 30, 20, 50, 30, 10, 50],
            ["data2", 210, 130, 60, 240, 130, 220],
            ["data3", 10, 200, 160, 400, 250, 80]
        ]
    }]
}